{"cameraMode":{"drawMode":0,"name":"Shaded","section":"Shading Mode"},"sceneLighting":false,"audioPlay":false,"sceneViewState":{"m_AlwaysRefresh":false,"showFog":true,"showSkybox":false,"showFlares":true,"showImageEffects":true,"showParticleSystems":true,"showVisualEffectGraphs":true,"m_FxEnabled":true},"in2DMode":false,"pivot":{"x":-0.06957364082336426,"y":2.564070463180542,"z":-0.09592866897583008},"rotation":{"x":0.12736590206623078,"y":0.03894100338220596,"z":-0.0053002615459263329,"w":0.9911451935768127},"size":4.368053436279297,"orthographic":false}