{"cameraMode":{"drawMode":0,"name":"Shaded","section":"Shading Mode"},"sceneLighting":false,"audioPlay":false,"sceneViewState":{"m_AlwaysRefresh":false,"showFog":true,"showSkybox":false,"showFlares":true,"showImageEffects":true,"showParticleSystems":true,"showVisualEffectGraphs":true,"m_FxEnabled":true},"in2DMode":false,"pivot":{"x":-0.25146204233169558,"y":-16.641216278076173,"z":-0.6574927568435669},"rotation":{"x":-0.07959698885679245,"y":0.06339038908481598,"z":-0.004724152386188507,"w":-0.9948709011077881},"size":1.7815642356872559,"orthographic":false}