{"cameraMode":{"drawMode":0,"name":"Shaded","section":"Shading Mode"},"sceneLighting":true,"audioPlay":false,"sceneViewState":{"m_AlwaysRefresh":false,"showFog":true,"showSkybox":true,"showFlares":true,"showImageEffects":true,"showParticleSystems":true,"showVisualEffectGraphs":true,"m_FxEnabled":true},"in2DMode":false,"pivot":{"x":-0.44589167833328249,"y":-0.789013147354126,"z":12.914676666259766},"rotation":{"x":0.04617100581526756,"y":0.0005913791828788817,"z":0.00040058669401332736,"w":-0.999005913734436},"size":20.166736602783204,"orthographic":false}