{"cameraMode":{"drawMode":0,"name":"Shaded","section":"Shading Mode"},"sceneLighting":false,"audioPlay":false,"sceneViewState":{"m_AlwaysRefresh":false,"showFog":true,"showSkybox":false,"showFlares":true,"showImageEffects":true,"showParticleSystems":true,"showVisualEffectGraphs":true,"m_FxEnabled":true},"in2DMode":false,"pivot":{"x":-0.0017091035842895508,"y":2.693706512451172,"z":-0.06367003917694092},"rotation":{"x":-0.12954235076904298,"y":-0.5474615693092346,"z":0.08635305613279343,"w":-0.822283148765564},"size":2.004634380340576,"orthographic":false}